name,club,Season
Alexis Sanchez,Arsenal,2017-2018
Mesut Ozil,Arsenal,2017-2018
Petr Cech,Arsenal,2017-2018
Theo Walcott,Arsenal,2017-2018
Laurent Koscielny,Arsenal,2017-2018
Hector Bellerin,Arsenal,2017-2018
Olivier Giroud,Arsenal,2017-2018
Nacho Monreal,Arsenal,2017-2018
Shkodran Mustafi,Arsenal,2017-2018
Alex Iwobi,Arsenal,2017-2018
Granit Xhaka,Arsenal,2017-2018
Alex Oxlade-Chamberlain,Arsenal,2017-2018
Jack Wilshere,Arsenal,2017-2018
Aaron Ramsey,Arsenal,2017-2018
Francis Coquelin,Arsenal,2017-2018
Gabriel Paulista,Arsenal,2017-2018
Kieran Gibbs,Arsenal,2017-2018
Santi Cazorla,Arsenal,2017-2018
Danny Welbeck,Arsenal,2017-2018
Rob Holding,Arsenal,2017-2018
Mohamed Elneny,Arsenal,2017-2018
Lucas Perez,Arsenal,2017-2018
Emiliano Martinez,Arsenal,2017-2018
David Ospina,Arsenal,2017-2018
Carl Jenkinson,Arsenal,2017-2018
Per Mertesacker,Arsenal,2017-2018
Sead Kolasinac,Arsenal,2017-2018
Alexandre Lacazette,Arsenal,2017-2018
Joshua King,Bournemouth,2017-2018
Jermain Defoe,Bournemouth,2017-2018
Charlie Daniels,Bournemouth,2017-2018
Artur Boruc,Bournemouth,2017-2018
Steve Cook,Bournemouth,2017-2018
Junior Stanislas,Bournemouth,2017-2018
Adam Smith,Bournemouth,2017-2018
Ryan Fraser,Bournemouth,2017-2018
Simon Francis,Bournemouth,2017-2018
Benik Afobe,Bournemouth,2017-2018
Harry Arter,Bournemouth,2017-2018
Marc Pugh,Bournemouth,2017-2018
Callum Wilson,Bournemouth,2017-2018
Nathan Ake,Bournemouth,2017-2018
Dan Gosling,Bournemouth,2017-2018
Andrew Surman,Bournemouth,2017-2018
Jordon Ibe,Bournemouth,2017-2018
Lewis Cook,Bournemouth,2017-2018
Lys Mousset,Bournemouth,2017-2018
Adam Federici,Bournemouth,2017-2018
Max Gradel,Bournemouth,2017-2018
Tyrone Mings,Bournemouth,2017-2018
Brad Smith,Bournemouth,2017-2018
Asmir Begovic,Bournemouth,2017-2018
Niki Maenpaa,Brighton+and+Hove,2017-2018
Mathew Ryan,Brighton+and+Hove,2017-2018
Lewis Dunk,Brighton+and+Hove,2017-2018
Shane Duffy,Brighton+and+Hove,2017-2018
Uwe Hunemeier,Brighton+and+Hove,2017-2018
Bruno,Brighton+and+Hove,2017-2018
Gaetan Bong,Brighton+and+Hove,2017-2018
Liam Rosenior,Brighton+and+Hove,2017-2018
Connor Goldson,Brighton+and+Hove,2017-2018
Markus Suttner,Brighton+and+Hove,2017-2018
Anthony Knockaert,Brighton+and+Hove,2017-2018
Dale Stephens,Brighton+and+Hove,2017-2018
Beram Kayal,Brighton+and+Hove,2017-2018
Steve Sidwell,Brighton+and+Hove,2017-2018
Solly March,Brighton+and+Hove,2017-2018
Jiri Skalak,Brighton+and+Hove,2017-2018
Oliver Norwood,Brighton+and+Hove,2017-2018
Jamie Murphy,Brighton+and+Hove,2017-2018
Pascal Gross,Brighton+and+Hove,2017-2018
Glenn Murray,Brighton+and+Hove,2017-2018
Tomer Hemed,Brighton+and+Hove,2017-2018
Sam Baldock,Brighton+and+Hove,2017-2018
Tom Heaton,Burnley,2017-2018
Sam Vokes,Burnley,2017-2018
Andre Gray,Burnley,2017-2018
Ben Mee,Burnley,2017-2018
Stephen Ward,Burnley,2017-2018
Matthew Lowton,Burnley,2017-2018
Ashley Barnes,Burnley,2017-2018
Jeff Hendrick,Burnley,2017-2018
Scott Arfield,Burnley,2017-2018
Steven Defour,Burnley,2017-2018
Dean Marney,Burnley,2017-2018
Jack Cork,Burnley,2017-2018
Johann Berg Gudmundsson,Burnley,2017-2018
Robbie Brady,Burnley,2017-2018
James Tarkowski,Burnley,2017-2018
Ashley Westwood,Burnley,2017-2018
Kevin Long,Burnley,2017-2018
Matthew Taylor,Burnley,2017-2018
Eden Hazard,Chelsea,2017-2018
Diego Costa,Chelsea,2017-2018
Gary Cahill,Chelsea,2017-2018
Marcos Alonso Mendoza,Chelsea,2017-2018
Cesar Azpilicueta,Chelsea,2017-2018
Pedro,Chelsea,2017-2018
Thibaut Courtois,Chelsea,2017-2018
David Luiz,Chelsea,2017-2018
Cesc Fabregas,Chelsea,2017-2018
Willian,Chelsea,2017-2018
Victor Moses,Chelsea,2017-2018
Nemanja Matic,Chelsea,2017-2018
N%27Golo Kante,Chelsea,2017-2018
Willy Caballero,Chelsea,2017-2018
Michy Batshuayi,Chelsea,2017-2018
Kurt Zouma,Chelsea,2017-2018
Kenedy,Chelsea,2017-2018
Eduardo Carvalho,Chelsea,2017-2018
Antonio Rudiger,Chelsea,2017-2018
Tiemoue Bakayoko,Chelsea,2017-2018
Wilfried Zaha,Crystal+Palace,2017-2018
Christian Benteke,Crystal+Palace,2017-2018
Andros Townsend,Crystal+Palace,2017-2018
Patrick van Aanholt,Crystal+Palace,2017-2018
James McArthur,Crystal+Palace,2017-2018
Wayne Hennessey,Crystal+Palace,2017-2018
Jason Puncheon,Crystal+Palace,2017-2018
Yohan Cabaye,Crystal+Palace,2017-2018
Joel Ward,Crystal+Palace,2017-2018
James Tomkins,Crystal+Palace,2017-2018
Scott Dann,Crystal+Palace,2017-2018
Damien Delaney,Crystal+Palace,2017-2018
Jeffrey Schlupp,Crystal+Palace,2017-2018
Martin Kelly,Crystal+Palace,2017-2018
Luka Milivojevic,Crystal+Palace,2017-2018
Lee Chung-yong,Crystal+Palace,2017-2018
Connor Wickham,Crystal+Palace,2017-2018
Bakary Sako,Crystal+Palace,2017-2018
Pape Souare,Crystal+Palace,2017-2018
Ruben Loftus-Cheek,Crystal+Palace,2017-2018
Julian Speroni,Crystal+Palace,2017-2018
Ross Barkley,Everton,2017-2018
Leighton Baines,Everton,2017-2018
Seamus Coleman,Everton,2017-2018
Ashley Williams,Everton,2017-2018
Kevin Mirallas,Everton,2017-2018
Michael Keane,Everton,2017-2018
Phil Jagielka,Everton,2017-2018
Jordan Pickford,Everton,2017-2018
Joel Robles,Everton,2017-2018
Idrissa Gueye,Everton,2017-2018
Wayne Rooney,Everton,2017-2018
Ramiro Funes Mori,Everton,2017-2018
Maarten Stekelenburg,Everton,2017-2018
Gareth Barry,Everton,2017-2018
Tom Davies,Everton,2017-2018
Mason Holgate,Everton,2017-2018
Yannick Bolasie,Everton,2017-2018
Morgan Schneiderlin,Everton,2017-2018
Cuco Martina,Everton,2017-2018
James McCarthy,Everton,2017-2018
Aaron Lennon,Everton,2017-2018
Dominic Calvert-Lewin,Everton,2017-2018
Ademola Lookman,Everton,2017-2018
Matthew Pennington,Everton,2017-2018
Jonjoe Kenny,Everton,2017-2018
Muhamed Besic,Everton,2017-2018
Davy Klaassen,Everton,2017-2018
Sandro Ramirez,Everton,2017-2018
Joel Coleman,Huddersfield,2017-2018
Jonas Lossl,Huddersfield,2017-2018
Christopher Schindler,Huddersfield,2017-2018
Chris Lowe,Huddersfield,2017-2018
Tommy Smith,Huddersfield,2017-2018
Michael Hefele,Huddersfield,2017-2018
Martin Cranie,Huddersfield,2017-2018
Jon Gorenc Stankovic,Huddersfield,2017-2018
Mark Hudson,Huddersfield,2017-2018
Mathias Jorgensen,Huddersfield,2017-2018
Scott Malone,Huddersfield,2017-2018
Aaron Mooy,Huddersfield,2017-2018
Rajiv van La Parra,Huddersfield,2017-2018
Jonathan Hogg,Huddersfield,2017-2018
Philip Billing,Huddersfield,2017-2018
Joe Lolley,Huddersfield,2017-2018
Jack Payne,Huddersfield,2017-2018
Dean Whitehead,Huddersfield,2017-2018
Harry Bunn,Huddersfield,2017-2018
Sean Scannell,Huddersfield,2017-2018
Elias Kachunga,Huddersfield,2017-2018
Tom Ince,Huddersfield,2017-2018
Kasey Palmer,Huddersfield,2017-2018
Andy Williams,Huddersfield,2017-2018
Nahki Wells,Huddersfield,2017-2018
Collin Quaner,Huddersfield,2017-2018
Laurent Depoitre,Huddersfield,2017-2018
Steve Mounie,Huddersfield,2017-2018
Jamie Vardy,Leicester+City,2017-2018
Riyad Mahrez,Leicester+City,2017-2018
Kasper Schmeichel,Leicester+City,2017-2018
Christian Fuchs,Leicester+City,2017-2018
Marc Albrighton,Leicester+City,2017-2018
Robert Huth,Leicester+City,2017-2018
Danny Simpson,Leicester+City,2017-2018
Islam Slimani,Leicester+City,2017-2018
Harry Maguire,Leicester+City,2017-2018
Danny Drinkwater,Leicester+City,2017-2018
Wes Morgan,Leicester+City,2017-2018
Shinji Okazaki,Leicester+City,2017-2018
Wilfred Ndidi,Leicester+City,2017-2018
Demarai Gray,Leicester+City,2017-2018
Daniel Amartey,Leicester+City,2017-2018
Andy King,Leicester+City,2017-2018
Ahmed Musa,Leicester+City,2017-2018
Yohan Benalouane,Leicester+City,2017-2018
Leonardo Ulloa,Leicester+City,2017-2018
Ben Chilwell,Leicester+City,2017-2018
Nampalys Mendy,Leicester+City,2017-2018
Ben Hamer,Leicester+City,2017-2018
Molla Wague,Leicester+City,2017-2018
Vicente Iborra,Leicester+City,2017-2018
Roberto Firmino,Liverpool,2017-2018
Philippe Coutinho,Liverpool,2017-2018
Sadio Mane,Liverpool,2017-2018
Georginio Wijnaldum,Liverpool,2017-2018
James Milner,Liverpool,2017-2018
Adam Lallana,Liverpool,2017-2018
Nathaniel Clyne,Liverpool,2017-2018
Simon Mignolet,Liverpool,2017-2018
Dejan Lovren,Liverpool,2017-2018
Emre Can,Liverpool,2017-2018
Joel Matip,Liverpool,2017-2018
Divock Origi,Liverpool,2017-2018
Jordan Henderson,Liverpool,2017-2018
Daniel Sturridge,Liverpool,2017-2018
Lucas Leiva,Liverpool,2017-2018
Ragnar Klavan,Liverpool,2017-2018
Mamadou Sakho,Liverpool,2017-2018
Loris Karius,Liverpool,2017-2018
Trent Alexander-Arnold,Liverpool,2017-2018
Alberto Moreno,Liverpool,2017-2018
Ben Woodburn,Liverpool,2017-2018
Marko Grujic,Liverpool,2017-2018
Joe Gomez,Liverpool,2017-2018
Sheyi Ojo,Liverpool,2017-2018
Mohamed Salah,Liverpool,2017-2018
Danny Ings,Liverpool,2017-2018
Dominic Solanke,Liverpool,2017-2018
Kevin De Bruyne,Manchester+City,2017-2018
Sergio Aguero,Manchester+City,2017-2018
Raheem Sterling,Manchester+City,2017-2018
Kyle Walker,Manchester+City,2017-2018
David Silva,Manchester+City,2017-2018
Leroy Sane,Manchester+City,2017-2018
Nicolas Otamendi,Manchester+City,2017-2018
Aleksandar Kolarov,Manchester+City,2017-2018
Yaya Toure,Manchester+City,2017-2018
Fernandinho,Manchester+City,2017-2018
Claudio Bravo,Manchester+City,2017-2018
Gabriel Jesus,Manchester+City,2017-2018
John Stones,Manchester+City,2017-2018
Vincent Kompany,Manchester+City,2017-2018
Kelechi Iheanacho,Manchester+City,2017-2018
Ilkay Gundogan,Manchester+City,2017-2018
Fernando,Manchester+City,2017-2018
Fabian Delph,Manchester+City,2017-2018
Ederson Moraes,Manchester+City,2017-2018
Bernardo Silva,Manchester+City,2017-2018
Romelu Lukaku,Manchester+United,2017-2018
David de Gea,Manchester+United,2017-2018
Antonio Valencia,Manchester+United,2017-2018
Paul Pogba,Manchester+United,2017-2018
Eric Bailly,Manchester+United,2017-2018
Juan Mata,Manchester+United,2017-2018
Daley Blind,Manchester+United,2017-2018
Ander Herrera,Manchester+United,2017-2018
Anthony Martial,Manchester+United,2017-2018
Marcos Rojo,Manchester+United,2017-2018
Marcus Rashford,Manchester+United,2017-2018
Henrikh Mkhitaryan,Manchester+United,2017-2018
Matteo Darmian,Manchester+United,2017-2018
Jesse Lingard,Manchester+United,2017-2018
Phil Jones,Manchester+United,2017-2018
Chris Smalling,Manchester+United,2017-2018
Marouane Fellaini,Manchester+United,2017-2018
Luke Shaw,Manchester+United,2017-2018
Michael Carrick,Manchester+United,2017-2018
Ashley Young,Manchester+United,2017-2018
Sergio Romero,Manchester+United,2017-2018
Axel Tuanzebe,Manchester+United,2017-2018
Timothy Fosu-Mensah,Manchester+United,2017-2018
Joel Castro Pereira,Manchester+United,2017-2018
Victor Lindelof,Manchester+United,2017-2018
Rob Elliot,Newcastle+United,2017-2018
Karl Darlow,Newcastle+United,2017-2018
DeAndre Yedlin,Newcastle+United,2017-2018
Ciaran Clark,Newcastle+United,2017-2018
Lascelles,Newcastle+United,2017-2018
Paul Dummett,Newcastle+United,2017-2018
Grant Hanley,Newcastle+United,2017-2018
Jesus Gamez,Newcastle+United,2017-2018
Florian Lejeune,Newcastle+United,2017-2018
Massadio Haidara,Newcastle+United,2017-2018
Matt Ritchie,Newcastle+United,2017-2018
Jonjo Shelvey,Newcastle+United,2017-2018
Mohamed Diame,Newcastle+United,2017-2018
Jack Colback,Newcastle+United,2017-2018
Christian Atsu,Newcastle+United,2017-2018
Siem de Jong,Newcastle+United,2017-2018
Rolando Aarons,Newcastle+United,2017-2018
Dwight Gayle,Newcastle+United,2017-2018
Ayoze Perez,Newcastle+United,2017-2018
Aleksandar Mitrovic,Newcastle+United,2017-2018
Daryl Murphy,Newcastle+United,2017-2018
Fraser Forster,Southampton,2017-2018
Nathan Redmond,Southampton,2017-2018
Ryan Bertrand,Southampton,2017-2018
DuÅ¡an TadiÄ‡,Southampton,2017-2018
Cedric Soares,Southampton,2017-2018
James Ward-Prowse,Southampton,2017-2018
Oriol Romeu,Southampton,2017-2018
Maya Yoshida,Southampton,2017-2018
Steven Davis,Southampton,2017-2018
Virgil van Dijk,Southampton,2017-2018
Charlie Austin,Southampton,2017-2018
Jack Stephens,Southampton,2017-2018
Shane Long,Southampton,2017-2018
Sofiane Boufal,Southampton,2017-2018
Jordy Clasie,Southampton,2017-2018
Pierre-Emile Hojbjerg,Southampton,2017-2018
Manolo Gabbiadini,Southampton,2017-2018
Sam McQueen,Southampton,2017-2018
Matt Targett,Southampton,2017-2018
Josh Sims,Southampton,2017-2018
Jeremy Pied,Southampton,2017-2018
Jason McCarthy,Southampton,2017-2018
Jan Bednarek,Southampton,2017-2018
Joe Allen,Stoke+City,2017-2018
Marko ArnautoviÄ‡,Stoke+City,2017-2018
Lee Grant,Stoke+City,2017-2018
Erik Pieters,Stoke+City,2017-2018
Steven Fletcher,Stoke+City,2017-2018
Ryan Shawcross,Stoke+City,2017-2018
Xherdan Shaqiri,Stoke+City,2017-2018
Peter Crouch,Stoke+City,2017-2018
Glenn Whelan,Stoke+City,2017-2018
Charlie Adam,Stoke+City,2017-2018
Geoff Cameron,Stoke+City,2017-2018
Glen Johnson,Stoke+City,2017-2018
Mame Biram Diouf,Stoke+City,2017-2018
Ramadan Sobhi,Stoke+City,2017-2018
Marc Muniesa,Stoke+City,2017-2018
Bojan KrkiÄ‡,Stoke+City,2017-2018
Phil Bardsley,Stoke+City,2017-2018
Saido Berahino,Stoke+City,2017-2018
Giannelli Imbula,Stoke+City,2017-2018
Jack Butland,Stoke+City,2017-2018
Ibrahim Afellay,Stoke+City,2017-2018
Josh Tymon,Stoke+City,2017-2018
Gylfi Sigurdsson,Swansea,2017-2018
Fernando Llorente,Swansea,2017-2018
Åukasz FabiaÅ„ski,Swansea,2017-2018
Leroy Fer,Swansea,2017-2018
Alfie Mawson,Swansea,2017-2018
Kyle Naughton,Swansea,2017-2018
Wayne Routledge,Swansea,2017-2018
Federico Fernandez,Swansea,2017-2018
Martin Olsson,Swansea,2017-2018
Tom Carroll,Swansea,2017-2018
Ki Sung-yueng,Swansea,2017-2018
Jordan Ayew,Swansea,2017-2018
Modou Barrow,Swansea,2017-2018
Leon Britton,Swansea,2017-2018
Stephen Kingsley,Swansea,2017-2018
Ã€ngel Rangel,Swansea,2017-2018
Luciano Narsingh,Swansea,2017-2018
Jay Fulton,Swansea,2017-2018
Jefferson Montero,Swansea,2017-2018
Mike van der Hoorn,Swansea,2017-2018
Nathan Dyer,Swansea,2017-2018
Oliver McBurnie,Swansea,2017-2018
Kristoffer Nordfeldt,Swansea,2017-2018
Roque Mesa,Swansea,2017-2018
Tammy Abraham,Swansea,2017-2018
Dele Alli,Tottenham,2017-2018
Harry Kane,Tottenham,2017-2018
Christian Eriksen,Tottenham,2017-2018
Son Heung-min,Tottenham,2017-2018
Hugo Lloris,Tottenham,2017-2018
Jan Vertonghen,Tottenham,2017-2018
Toby Alderweireld,Tottenham,2017-2018
Victor Wanyama,Tottenham,2017-2018
Eric Dier,Tottenham,2017-2018
Ben Davies,Tottenham,2017-2018
Danny Rose,Tottenham,2017-2018
Mousa Dembele,Tottenham,2017-2018
Vincent Janssen,Tottenham,2017-2018
Kieran Trippier,Tottenham,2017-2018
Moussa Sissokho,Tottenham,2017-2018
Harry Winks,Tottenham,2017-2018
Erik Lamela,Tottenham,2017-2018
Michel Vorm,Tottenham,2017-2018
Georges-Kevin N%27Koudou,Tottenham,2017-2018
Kevin Wimmer,Tottenham,2017-2018
Ã‰tienne Capoue,Watford,2017-2018
Troy Deeney,Watford,2017-2018
Heurelho Gomes,Watford,2017-2018
Jose Holebas,Watford,2017-2018
Miguel Britos,Watford,2017-2018
Sebastian Prodl,Watford,2017-2018
Nordin Amrabat,Watford,2017-2018
YounÃ¨s Kaboul,Watford,2017-2018
Tom Cleverley,Watford,2017-2018
Daryl Janmaat,Watford,2017-2018
Valon Behrami,Watford,2017-2018
Roberto Pereyra,Watford,2017-2018
Stefano Okaka,Watford,2017-2018
Abdoulaye Doucoure,Watford,2017-2018
Kabasele,Watford,2017-2018
Craig Cathcart,Watford,2017-2018
Isaac Success,Watford,2017-2018
Adrian Mariappa,Watford,2017-2018
Nathaniel Chalobah,Watford,2017-2018
Mauro Zarate,Watford,2017-2018
Costel Pantilimon,Watford,2017-2018
Kiko Femenia,Watford,2017-2018
Steven Berghuis,Watford,2017-2018
Will Hughes,Watford,2017-2018
Gareth McAuley,West+Brom,2017-2018
Salomon Rondon,West+Brom,2017-2018
Matt Phillips,West+Brom,2017-2018
Ben Foster,West+Brom,2017-2018
Nacer Chadli,West+Brom,2017-2018
Craig Dawson,West+Brom,2017-2018
Chris Brunt,West+Brom,2017-2018
James Morrison,West+Brom,2017-2018
Jonny Evans,West+Brom,2017-2018
Jake Livermore,West+Brom,2017-2018
Allan Nyom,West+Brom,2017-2018
Jay Rodriguez,West+Brom,2017-2018
Claudio Yacob,West+Brom,2017-2018
James McClean,West+Brom,2017-2018
Hal Robson-Kanu,West+Brom,2017-2018
Jonathan Leko,West+Brom,2017-2018
Sam Field,West+Brom,2017-2018
Boaz Myhill,West+Brom,2017-2018
Ahmed Hegazy,West+Brom,2017-2018
Robert Snodgrass,West+Ham,2017-2018
Manuel Lanzini,West+Ham,2017-2018
Michail Antonio,West+Ham,2017-2018
Winston Reid,West+Ham,2017-2018
Jose Fonte,West+Ham,2017-2018
Andre Ayew,West+Ham,2017-2018
Cheikhou Kouyate,West+Ham,2017-2018
Mark Noble,West+Ham,2017-2018
Darren Randolph,West+Ham,2017-2018
James Collins,West+Ham,2017-2018
Andy Carroll,West+Ham,2017-2018
Adrian,West+Ham,2017-2018
Aaron Cresswell,West+Ham,2017-2018
Pedro Obiang,West+Ham,2017-2018
Sofiane Feghouli,West+Ham,2017-2018
Angelo Ogbonna,West+Ham,2017-2018
Pablo Zabaleta,West+Ham,2017-2018
Edimilson Fernandes,West+Ham,2017-2018
Arthur Masuaku,West+Ham,2017-2018
Sam Byram,West+Ham,2017-2018
Ashley Fletcher,West+Ham,2017-2018
Diafra Sakho,West+Ham,2017-2018
Bukayo Saka,Arsenal,2021-2022
Gabriel Dos Santos,Arsenal,2021-2022
Aaron Ramsdale,Arsenal,2021-2022
Ben White,Arsenal,2021-2022
Martin Ødegaard,Arsenal,2021-2022
Granit Xhaka,Arsenal,2021-2022
Thomas Partey,Arsenal,2021-2022
Kieran Tierney,Arsenal,2021-2022
Emile Smith Rowe,Arsenal,2021-2022
Martinelli,Arsenal,2021-2022
Alexandre Lacazette,Arsenal,2021-2022
Takehiro Tomiyasu,Arsenal,2021-2022
Cédric Soares,Arsenal,2021-2022
Nuno Tavares,Arsenal,2021-2022
Albert Sambi Lokonga,Arsenal,2021-2022
Pierre-Emerick Aubameyang,Arsenal,2021-2022
Rob Holding,Arsenal,2021-2022
Eddie Nketiah,Arsenal,2021-2022
Mohamed Elneny,Arsenal,2021-2022
Nicolas Pépé,Arsenal,2021-2022
Bernd Leno,Arsenal,2021-2022
Ainsley Maitland-Niles,Arsenal,2021-2022
Pablo Marí,Arsenal,2021-2022
Calum Chambers,Arsenal,2021-2022
Sead Kolainac,Arsenal,2021-2022
Folarin Balogun,Arsenal,2021-2022
Reiss Nelson,Arsenal,2021-2022
Ryan Alebiousu,Arsenal,2021-2022
Zach Awe,Arsenal,2021-2022
Miguel Azeez,Arsenal,2021-2022
Héctor Bellerín,Arsenal,2021-2022
Mika Biereth,Arsenal,2021-2022
Marcelo Flores,Arsenal,2021-2022
Omari Hutchinson,Arsenal,2021-2022
Karl Jakob Hein,Arsenal,2021-2022
Alex Kirk,Arsenal,2021-2022
Mazeed Ogungbo,Arsenal,2021-2022
Arthur Okonkwo,Arsenal,2021-2022
Salah Oulad M'Hand,Arsenal,2021-2022
Charlie Patino,Arsenal,2021-2022
Zak Swanson,Arsenal,2021-2022
Matty Cash,Aston Villa,2021-2022
Emiliano Martínez,Aston Villa,2021-2022
Tyrone Mings,Aston Villa,2021-2022
John McGinn,Aston Villa,2021-2022
Ollie Watkins,Aston Villa,2021-2022
Douglas Luiz,Aston Villa,2021-2022
Ezri Konsa,Aston Villa,2021-2022
Jacob Ramsey,Aston Villa,2021-2022
Emi Buendía,Aston Villa,2021-2022
Danny Ings,Aston Villa,2021-2022
Matt Targett,Aston Villa,2021-2022
Philippe Coutinho,Aston Villa,2021-2022
Lucas Digne,Aston Villa,2021-2022
Ashley Young,Aston Villa,2021-2022
Marvelous Nakamba,Aston Villa,2021-2022
Calum Chambers,Aston Villa,2021-2022
Leon Bailey,Aston Villa,2021-2022
Axel Tuanzebe,Aston Villa,2021-2022
Kortney Hause,Aston Villa,2021-2022
Anwar El Ghazi,Aston Villa,2021-2022
Morgan Sanson,Aston Villa,2021-2022
Carney Chukwuemeka,Aston Villa,2021-2022
Bertrand Traoré,Aston Villa,2021-2022
Tim Iroegbunam,Aston Villa,2021-2022
Robin Olsen,Aston Villa,2021-2022
Jed Steer,Aston Villa,2021-2022
Cameron Archer,Aston Villa,2021-2022
Keinan Davis,Aston Villa,2021-2022
Trézéguet,Aston Villa,2021-2022
Jaden Philogene Bidace,Aston Villa,2021-2022
Wesley Moraes,Aston Villa,2021-2022
Lamare Bogarde,Aston Villa,2021-2022
Benjamin Chrisene,Aston Villa,2021-2022
Josh Feeney,Aston Villa,2021-2022
Frederic Guilbert,Aston Villa,2021-2022
Conor Hourihane,Aston Villa,2021-2022
Kaine Kessler,Aston Villa,2021-2022
Filip Marshall,Aston Villa,2021-2022
Tommi O'Reilly,Aston Villa,2021-2022
Aaron Ramsey,Aston Villa,2021-2022
Viljami Sinisalo,Aston Villa,2021-2022
Pontus Jansson,Brentford,2021-2022
Christian Nørgaard,Brentford,2021-2022
Bryan Mbeumo,Brentford,2021-2022
Rico Henry,Brentford,2021-2022
Ivan Toney,Brentford,2021-2022
Ethan Pinnock,Brentford,2021-2022
Vitaly Janelt,Brentford,2021-2022
Sergi Canós,Brentford,2021-2022
David Raya,Brentford,2021-2022
Kristoffer Ajer,Brentford,2021-2022
Mathias Jensen,Brentford,2021-2022
Yoane Wissa,Brentford,2021-2022
Mads Roerslev,Brentford,2021-2022
Álvaro Fernández,Brentford,2021-2022
Frank Onyeka,Brentford,2021-2022
Christian Eriksen,Brentford,2021-2022
Shandon Baptiste,Brentford,2021-2022
Mads Bech Sørensen,Brentford,2021-2022
Mathias Jørgensen,Brentford,2021-2022
Saman Ghoddos,Brentford,2021-2022
Charlie Goode,Brentford,2021-2022
Josh Dasilva,Brentford,2021-2022
Jonas Lössl,Brentford,2021-2022
Dominic Thompson,Brentford,2021-2022
Marcus Forss,Brentford,2021-2022
Mads Bidstrup,Brentford,2021-2022
Tariqe Fosu,Brentford,2021-2022
Finley Stevens,Brentford,2021-2022
Nathan Young-Coombes,Brentford,2021-2022
Matthew Cox,Brentford,2021-2022
Halil Dervi?o?lu,Brentford,2021-2022
Patrik Gunnarsson,Brentford,2021-2022
Maxwell Haygarth,Brentford,2021-2022
Julian Jeanvier,Brentford,2021-2022
Edmond-Paris Maghoma,Brentford,2021-2022
Myles Peart-Harris,Brentford,2021-2022
Robert Sánchez,Brighton & Hove Albion,2021-2022
Marc Cucurella,Brighton & Hove Albion,2021-2022
Joël Veltman,Brighton & Hove Albion,2021-2022
Leandro Trossard,Brighton & Hove Albion,2021-2022
Lewis Dunk,Brighton & Hove Albion,2021-2022
Neal Maupay,Brighton & Hove Albion,2021-2022
Yves Bissouma,Brighton & Hove Albion,2021-2022
Pascal Groß,Brighton & Hove Albion,2021-2022
Alexis Mac Allister,Brighton & Hove Albion,2021-2022
Jakub Moder,Brighton & Hove Albion,2021-2022
Adam Lallana,Brighton & Hove Albion,2021-2022
Solly March,Brighton & Hove Albion,2021-2022
Tariq Lamptey,Brighton & Hove Albion,2021-2022
Adam Webster,Brighton & Hove Albion,2021-2022
Danny Welbeck,Brighton & Hove Albion,2021-2022
Shane Duffy,Brighton & Hove Albion,2021-2022
Dan Burn,Brighton & Hove Albion,2021-2022
Enock Mwepu,Brighton & Hove Albion,2021-2022
Moisés Caicedo,Brighton & Hove Albion,2021-2022
Steven Alzate,Brighton & Hove Albion,2021-2022
Aaron Connolly,Brighton & Hove Albion,2021-2022
Jason Steele,Brighton & Hove Albion,2021-2022
Jeremy Sarmiento,Brighton & Hove Albion,2021-2022
Taylor Richards,Brighton & Hove Albion,2021-2022
Evan Ferguson,Brighton & Hove Albion,2021-2022
Jürgen Locadia,Brighton & Hove Albion,2021-2022
Florin Andone,Brighton & Hove Albion,2021-2022
Micha? Karbownik,Brighton & Hove Albion,2021-2022
Marc Leonard,Brighton & Hove Albion,2021-2022
Thomas Mcgill,Brighton & Hove Albion,2021-2022
Odeluga Offiah,Brighton & Hove Albion,2021-2022
Haydon Roberts,Brighton & Hove Albion,2021-2022
Kjell Scherpen,Brighton & Hove Albion,2021-2022
Ed Turns,Brighton & Hove Albion,2021-2022
Andi Zeqiri,Brighton & Hove Albion,2021-2022
Nick Pope,Burnley,2021-2022
Dwight McNeil,Burnley,2021-2022
James Tarkowski,Burnley,2021-2022
Josh Brownhill,Burnley,2021-2022
Charlie Taylor,Burnley,2021-2022
Ashley Westwood,Burnley,2021-2022
Ben Mee,Burnley,2021-2022
Maxwel Cornet,Burnley,2021-2022
Matthew Lowton,Burnley,2021-2022
Jack Cork,Burnley,2021-2022
Connor Roberts,Burnley,2021-2022
Nathan Collins,Burnley,2021-2022
Aaron Lennon,Burnley,2021-2022
Wout Weghorst,Burnley,2021-2022
Chris Wood,Burnley,2021-2022
Jay Rodriguez,Burnley,2021-2022
Jóhann Berg Guðmundsson,Burnley,2021-2022
Ashley Barnes,Burnley,2021-2022
Erik Pieters,Burnley,2021-2022
Mat?j Vydra,Burnley,2021-2022
Kevin Long,Burnley,2021-2022
Wayne Hennessey,Burnley,2021-2022
Dale Stephens,Burnley,2021-2022
Phil Bardsley,Burnley,2021-2022
Dara Costelloe,Burnley,2021-2022
Owen Dodgson,Burnley,2021-2022
Anthony Gomez Mancini,Burnley,2021-2022
Joseph McGlynn,Burnley,2021-2022
Will Norris,Burnley,2021-2022
Lewis Richardson,Burnley,2021-2022
Bobby Thomas,Burnley,2021-2022
Sam Waller,Burnley,2021-2022
Edouard Mendy,Chelsea,2021-2022
Antonio Rüdiger,Chelsea,2021-2022
Thiago Silva,Chelsea,2021-2022
Mason Mount,Chelsea,2021-2022
Jorginho,Chelsea,2021-2022
Marcos Alonso,Chelsea,2021-2022
César Azpilicueta,Chelsea,2021-2022
Reece James,Chelsea,2021-2022
Kai Havertz,Chelsea,2021-2022
N'Golo Kanté,Chelsea,2021-2022
Andreas Christensen,Chelsea,2021-2022
Trevoh Chalobah,Chelsea,2021-2022
Romelu Lukaku,Chelsea,2021-2022
Mateo Kova?i?,Chelsea,2021-2022
Timo Werner,Chelsea,2021-2022
Hakim Ziyech,Chelsea,2021-2022
Ruben Loftus-Cheek,Chelsea,2021-2022
Christian Pulisic,Chelsea,2021-2022
Callum Hudson-Odoi,Chelsea,2021-2022
Malang Sarr,Chelsea,2021-2022
Ben Chilwell,Chelsea,2021-2022
Saúl Ñíguez,Chelsea,2021-2022
Kepa Arrizabalaga,Chelsea,2021-2022
Ross Barkley,Chelsea,2021-2022
Kenedy,Chelsea,2021-2022
Emerson Palmieri,Chelsea,2021-2022
Tammy Abraham,Chelsea,2021-2022
Marcus Bettinelli,Chelsea,2021-2022
Lewis Hall,Chelsea,2021-2022
Harvey Vale,Chelsea,2021-2022
Kurt Zouma,Chelsea,2021-2022
Marc Guéhi,Crystal Palace,2021-2022
Tyrick Mitchell,Crystal Palace,2021-2022
Conor Gallagher,Crystal Palace,2021-2022
Joachim Andersen,Crystal Palace,2021-2022
Wilfried Zaha,Crystal Palace,2021-2022
Vicente Guaita,Crystal Palace,2021-2022
Joel Ward,Crystal Palace,2021-2022
Jordan Ayew,Crystal Palace,2021-2022
Cheikhou Kouyaté,Crystal Palace,2021-2022
Jeffrey Schlupp,Crystal Palace,2021-2022
Odsonne Édouard,Crystal Palace,2021-2022
James McArthur,Crystal Palace,2021-2022
Nathaniel Clyne,Crystal Palace,2021-2022
Jean-Philippe Mateta,Crystal Palace,2021-2022
Will Hughes,Crystal Palace,2021-2022
Michael Olise,Crystal Palace,2021-2022
Christian Benteke,Crystal Palace,2021-2022
Luka Milivojevi?,Crystal Palace,2021-2022
Jack Butland,Crystal Palace,2021-2022
Eberechi Eze,Crystal Palace,2021-2022
James Tomkins,Crystal Palace,2021-2022
Jaïro Riedewald,Crystal Palace,2021-2022
Jesuran Rak Sakyi,Crystal Palace,2021-2022
Nathan Ferguson,Crystal Palace,2021-2022
Omotayo Adaramola,Crystal Palace,2021-2022
Scott Banks,Crystal Palace,2021-2022
Reece Hannam,Crystal Palace,2021-2022
Martin Kelly,Crystal Palace,2021-2022
Remi Matthews,Crystal Palace,2021-2022
Robert Street,Crystal Palace,2021-2022
Jordan Pickford,Everton,2021-2022
Michael Keane,Everton,2021-2022
Séamus Coleman,Everton,2021-2022
Abdoulaye Doucouré,Everton,2021-2022
Richarlison,Everton,2021-2022
Demarai Gray,Everton,2021-2022
Anthony Gordon,Everton,2021-2022
Allan,Everton,2021-2022
Mason Holgate,Everton,2021-2022
Ben Godfrey,Everton,2021-2022
Alex Iwobi,Everton,2021-2022
Andros Townsend,Everton,2021-2022
Dominic Calvert-Lewin,Everton,2021-2022
Lucas Digne,Everton,2021-2022
Vitaliy Mykolenko,Everton,2021-2022
Jonjoe Kenny,Everton,2021-2022
Yerry Mina,Everton,2021-2022
Salomón Rondón,Everton,2021-2022
Fabian Delph,Everton,2021-2022
André Gomes,Everton,2021-2022
Donny van de Beek,Everton,2021-2022
Jarrad Branthwaite,Everton,2021-2022
Asmir Begovi?,Everton,2021-2022
Tom Davies,Everton,2021-2022
Dele Alli,Everton,2021-2022
Jean-Philippe Gbamin,Everton,2021-2022
Ellis Simms,Everton,2021-2022
Lewis Dobbin,Everton,2021-2022
Tyler Onyango,Everton,2021-2022
Isaac Price,Everton,2021-2022
Anwar El Ghazi,Everton,2021-2022
Cenk Tosun,Everton,2021-2022
Moise Kean,Everton,2021-2022
Nathan Broadhead,Everton,2021-2022
Andy Lonergan,Everton,2021-2022
Niels Nkounkou,Everton,2021-2022
Nathan Patterson,Everton,2021-2022
Harry Tyrer,Everton,2021-2022
Reece Welch,Everton,2021-2022
Charlie Whitaker,Everton,2021-2022
Illan Meslier,Leeds United,2021-2022
Stuart Dallas,Leeds United,2021-2022
Raphael Dias Belloli,Leeds United,2021-2022
Jack Harrison,Leeds United,2021-2022
Daniel James,Leeds United,2021-2022
Diego Llorente,Leeds United,2021-2022
Rodrigo,Leeds United,2021-2022
Luke Ayling,Leeds United,2021-2022
Mateusz Klich,Leeds United,2021-2022
Pascal Struijk,Leeds United,2021-2022
Liam Cooper,Leeds United,2021-2022
Junior Firpo,Leeds United,2021-2022
Kalvin Phillips,Leeds United,2021-2022
Robin Koch,Leeds United,2021-2022
Adam Forshaw,Leeds United,2021-2022
Tyler Roberts,Leeds United,2021-2022
Jamie Shackleton,Leeds United,2021-2022
Patrick Bamford,Leeds United,2021-2022
Joe Gelhardt,Leeds United,2021-2022
Sam Greenwood,Leeds United,2021-2022
Lewis Bate,Leeds United,2021-2022
Charlie Cresswell,Leeds United,2021-2022
Cody Drameh,Leeds United,2021-2022
Leo Fuhr Hjelde,Leeds United,2021-2022
Crysencio Summerville,Leeds United,2021-2022
Kristoffer Klaesson,Leeds United,2021-2022
Hélder Costa,Leeds United,2021-2022
Liam McCarron,Leeds United,2021-2022
Stuart McKinstry,Leeds United,2021-2022
Nohan Kenneh,Leeds United,2021-2022
Archie Gray,Leeds United,2021-2022
Jack Jenkins,Leeds United,2021-2022
Kris Moore,Leeds United,2021-2022
Kasper Schmeichel,Leicester City,2021-2022
Youri Tielemans,Leicester City,2021-2022
Ça?lar Söyüncü,Leicester City,2021-2022
James Maddison,Leicester City,2021-2022
Harvey Barnes,Leicester City,2021-2022
Daniel Amartey,Leicester City,2021-2022
Kiernan Dewsbury Hall,Leicester City,2021-2022
Timothy Castagne,Leicester City,2021-2022
Luke Thomas,Leicester City,2021-2022
Jamie Vardy,Leicester City,2021-2022
Wilfred Ndidi,Leicester City,2021-2022
Ademola Lookman,Leicester City,2021-2022
Jonny Evans,Leicester City,2021-2022
Kelechi Iheanacho,Leicester City,2021-2022
Patson Daka,Leicester City,2021-2022
Ricardo Pereira,Leicester City,2021-2022
Boubakary Soumaré,Leicester City,2021-2022
Nampalys Mendy,Leicester City,2021-2022
Marc Albrighton,Leicester City,2021-2022
James Justin,Leicester City,2021-2022
Wesley Fofana,Leicester City,2021-2022
Jannik Vestergaard,Leicester City,2021-2022
Ayoze Pérez,Leicester City,2021-2022
Ryan Bertrand,Leicester City,2021-2022
Hamza Choudhury,Leicester City,2021-2022
Danny Ward,Leicester City,2021-2022
Lewis Brunt,Leicester City,2021-2022
Kasey McAteer,Leicester City,2021-2022
Vontae Daley Campbell,Leicester City,2021-2022
Eldin Jakupovi?,Leicester City,2021-2022
Benjamin Nelson,Leicester City,2021-2022
Dennis Praet,Leicester City,2021-2022
Alisson,Liverpool,2021-2022
Virgil van Dijk,Liverpool,2021-2022
Trent Alexander-Arnold,Liverpool,2021-2022
Sadio Mané,Liverpool,2021-2022
Joël Matip,Liverpool,2021-2022
Mohamed Salah,Liverpool,2021-2022
Jordan Henderson,Liverpool,2021-2022
Andrew Robertson,Liverpool,2021-2022
Diogo Jota,Liverpool,2021-2022
Fabinho,Liverpool,2021-2022
Thiago Alcántara,Liverpool,2021-2022
Naby Keïta,Liverpool,2021-2022
Ibrahima Konaté,Liverpool,2021-2022
Luis Díaz,Liverpool,2021-2022
Roberto Firmino,Liverpool,2021-2022
Curtis Jones,Liverpool,2021-2022
Kostas Tsimikas,Liverpool,2021-2022
James Milner,Liverpool,2021-2022
Alex Oxlade-Chamberlain,Liverpool,2021-2022
Harvey Elliott,Liverpool,2021-2022
Joe Gomez,Liverpool,2021-2022
Caoimhín Kelleher,Liverpool,2021-2022
Takumi Minamino,Liverpool,2021-2022
Tyler Morton,Liverpool,2021-2022
Divock Origi,Liverpool,2021-2022
Kaide Gordon,Liverpool,2021-2022
Neco Williams,Liverpool,2021-2022
Adrián,Liverpool,2021-2022
Owen Beck,Liverpool,2021-2022
Conor Bradley,Liverpool,2021-2022
Nathaniel Phillips,Liverpool,2021-2022
Marcelo Pitaluga,Liverpool,2021-2022
Jarrell Quansah,Liverpool,2021-2022
Rhys Williams,Liverpool,2021-2022
Ben Woodburn,Liverpool,2021-2022
Ederson,Manchester City,2021-2022
João Cancelo,Manchester City,2021-2022
Rodri,Manchester City,2021-2022
Bernardo Silva,Manchester City,2021-2022
Aymeric Laporte,Manchester City,2021-2022
Rúben Dias,Manchester City,2021-2022
Kevin De Bruyne,Manchester City,2021-2022
Phil Foden,Manchester City,2021-2022
Raheem Sterling,Manchester City,2021-2022
Jack Grealish,Manchester City,2021-2022
Gabriel Jesus,Manchester City,2021-2022
?lkay Gündo?an,Manchester City,2021-2022
Kyle Walker,Manchester City,2021-2022
Riyad Mahrez,Manchester City,2021-2022
John Stones,Manchester City,2021-2022
Oleksandr Zinchenko,Manchester City,2021-2022
Fernandinho,Manchester City,2021-2022
Nathan Aké,Manchester City,2021-2022
Ferrán Torres,Manchester City,2021-2022
Cole Palmer,Manchester City,2021-2022
Zack Steffen,Manchester City,2021-2022
Benjamin Mendy,Manchester City,2021-2022
James Mcatee,Manchester City,2021-2022
Liam Delap,Manchester City,2021-2022
Kayky Chagas,Manchester City,2021-2022
CJ Egan-Riley,Manchester City,2021-2022
Scott Carson,Manchester City,2021-2022
Thomas Doyle,Manchester City,2021-2022
Samuel Edozie,Manchester City,2021-2022
Roméo Lavia,Manchester City,2021-2022
Luke Mbete-Tatu,Manchester City,2021-2022
Cieran Slicker,Manchester City,2021-2022
Josh Wilson-Esbrand,Manchester City,2021-2022
David de Gea,Manchester United,2021-2022
Bruno Fernandes,Manchester United,2021-2022
Harry Maguire,Manchester United,2021-2022
Scott McTominay,Manchester United,2021-2022
Cristiano Ronaldo,Manchester United,2021-2022
Victor Lindelöf,Manchester United,2021-2022
Fred,Manchester United,2021-2022
Jadon Sancho,Manchester United,2021-2022
Raphaël Varane,Manchester United,2021-2022
Aaron Wan-Bissaka,Manchester United,2021-2022
Diogo Dalot,Manchester United,2021-2022
Luke Shaw,Manchester United,2021-2022
Alex Telles,Manchester United,2021-2022
Nemanja Mati?,Manchester United,2021-2022
Paul Pogba,Manchester United,2021-2022
Mason Greenwood,Manchester United,2021-2022
Anthony Elanga,Manchester United,2021-2022
Marcus Rashford,Manchester United,2021-2022
Edinson Cavani,Manchester United,2021-2022
Eric Bailly,Manchester United,2021-2022
Jesse Lingard,Manchester United,2021-2022
Juan Mata,Manchester United,2021-2022
Anthony Martial,Manchester United,2021-2022
Phil Jones,Manchester United,2021-2022
Daniel James,Manchester United,2021-2022
Hannibal Mejbri,Manchester United,2021-2022
Donny van de Beek,Manchester United,2021-2022
Shola Shoretire,Manchester United,2021-2022
Alejandro Garnacho,Manchester United,2021-2022
Amad Diallo,Manchester United,2021-2022
Álvaro Fernández,Manchester United,2021-2022
Tom Heaton,Manchester United,2021-2022
Dean Henderson,Manchester United,2021-2022
Andreas Pereira,Manchester United,2021-2022
Charlie Savage,Manchester United,2021-2022
Brandon Williams,Manchester United,2021-2022
Allan Saint-Maximin,Newcastle United,2021-2022
Joelinton,Newcastle United,2021-2022
Martin Dúbravka,Newcastle United,2021-2022
Fabian Schär,Newcastle United,2021-2022
Joe Willock,Newcastle United,2021-2022
Jamaal Lascelles,Newcastle United,2021-2022
Jonjo Shelvey,Newcastle United,2021-2022
Miguel Almirón,Newcastle United,2021-2022
Emil Krafth,Newcastle United,2021-2022
Ryan Fraser,Newcastle United,2021-2022
Dan Burn,Newcastle United,2021-2022
Matt Targett,Newcastle United,2021-2022
Callum Wilson,Newcastle United,2021-2022
Sean Longstaff,Newcastle United,2021-2022
Chris Wood,Newcastle United,2021-2022
Javier Manquillo,Newcastle United,2021-2022
Matt Ritchie,Newcastle United,2021-2022
Jacob Murphy,Newcastle United,2021-2022
Ciaran Clark,Newcastle United,2021-2022
Isaac Hayden,Newcastle United,2021-2022
Bruno Guimarães,Newcastle United,2021-2022
Karl Darlow,Newcastle United,2021-2022
Federico Fernández,Newcastle United,2021-2022
Kieran Trippier,Newcastle United,2021-2022
Freddie Woodman,Newcastle United,2021-2022
Jamal Lewis,Newcastle United,2021-2022
Paul Dummett,Newcastle United,2021-2022
Jeff Hendrick,Newcastle United,2021-2022
Dwight Gayle,Newcastle United,2021-2022
Elliot Anderson,Newcastle United,2021-2022
Lucas De Bolle,Newcastle United,2021-2022
Mark Gillespie,Newcastle United,2021-2022
Joe White,Newcastle United,2021-2022
Teemu Pukki,Norwich City,2021-2022
Grant Hanley,Norwich City,2021-2022
Max Aarons,Norwich City,2021-2022
Kenny McLean,Norwich City,2021-2022
Tim Krul,Norwich City,2021-2022
Ben Gibson,Norwich City,2021-2022
Pierre Lees-Melou,Norwich City,2021-2022
Milot Rashica,Norwich City,2021-2022
Brandon Williams,Norwich City,2021-2022
Billy Gilmour,Norwich City,2021-2022
Mathias Normann,Norwich City,2021-2022
Josh Sargent,Norwich City,2021-2022
Dimitris Giannoulis,Norwich City,2021-2022
Sam Byram,Norwich City,2021-2022
Ozan Kabak,Norwich City,2021-2022
Kieran Dowell,Norwich City,2021-2022
Angus Gunn,Norwich City,2021-2022
Lukas Rupp,Norwich City,2021-2022
Adam Idah,Norwich City,2021-2022
Jakob Sørensen,Norwich City,2021-2022
Przemys?aw P?acheta,Norwich City,2021-2022
Todd Cantwell,Norwich City,2021-2022
Andrew Omobamidele,Norwich City,2021-2022
Christos Tzolis,Norwich City,2021-2022
Christoph Zimmermann,Norwich City,2021-2022
Tony Springett,Norwich City,2021-2022
Jon Rowe,Norwich City,2021-2022
Bali Mumba,Norwich City,2021-2022
Thomas Dickson-Peters,Norwich City,2021-2022
Liam Gibbs,Norwich City,2021-2022
Abu Kamara,Norwich City,2021-2022
Jon McCracken,Norwich City,2021-2022
Michael McGovern,Norwich City,2021-2022
Jonathan Tomkinson,Norwich City,2021-2022
James Ward-Prowse,Southampton,2021-2022
Oriol Romeu,Southampton,2021-2022
Mohammed Salisu,Southampton,2021-2022
Jan Bednarek,Southampton,2021-2022
Kyle Walker-Peters,Southampton,2021-2022
Valentino Livramento,Southampton,2021-2022
Mohamed Elyounoussi,Southampton,2021-2022
Che Adams,Southampton,2021-2022
Armando Broja,Southampton,2021-2022
Nathan Redmond,Southampton,2021-2022
Fraser Forster,Southampton,2021-2022
Romain Perraud,Southampton,2021-2022
Alex McCarthy,Southampton,2021-2022
Adam Armstrong,Southampton,2021-2022
Stuart Armstrong,Southampton,2021-2022
Ibrahima Diallo,Southampton,2021-2022
Nathan Tella,Southampton,2021-2022
Lyanco,Southampton,2021-2022
Jack Stephens,Southampton,2021-2022
Moussa Djenepo,Southampton,2021-2022
Theo Walcott,Southampton,2021-2022
Yan Valery,Southampton,2021-2022
Shane Long,Southampton,2021-2022
Willy Caballero,Southampton,2021-2022
William Smallbone,Southampton,2021-2022
Kgagelo Chauke,Southampton,2021-2022
Tyler Dibling,Southampton,2021-2022
Harry Lewis,Southampton,2021-2022
Dynel Simeu,Southampton,2021-2022
Thierry Small,Southampton,2021-2022
Hugo Lloris,Tottenham Hotspur,2021-2022
Harry Kane,Tottenham Hotspur,2021-2022
Pierre Højbjerg,Tottenham Hotspur,2021-2022
Eric Dier,Tottenham Hotspur,2021-2022
Son Heung-min,Tottenham Hotspur,2021-2022
Ben Davies,Tottenham Hotspur,2021-2022
Emerson,Tottenham Hotspur,2021-2022
Sergio Reguilón,Tottenham Hotspur,2021-2022
Cristian Romero,Tottenham Hotspur,2021-2022
Lucas Moura,Tottenham Hotspur,2021-2022
Davinson Sánchez,Tottenham Hotspur,2021-2022
Rodrigo Bentancur,Tottenham Hotspur,2021-2022
Oliver Skipp,Tottenham Hotspur,2021-2022
Dejan Kulusevski,Tottenham Hotspur,2021-2022
Ryan Sessegnon,Tottenham Hotspur,2021-2022
Japhet Tanganga,Tottenham Hotspur,2021-2022
Harry Winks,Tottenham Hotspur,2021-2022
Matt Doherty,Tottenham Hotspur,2021-2022
Dele Alli,Tottenham Hotspur,2021-2022
Tanguy Ndombele,Tottenham Hotspur,2021-2022
Steven Bergwijn,Tottenham Hotspur,2021-2022
Giovani Lo Celso,Tottenham Hotspur,2021-2022
Bryan,Tottenham Hotspur,2021-2022
Joe Rodon,Tottenham Hotspur,2021-2022
Dane Scarlett,Tottenham Hotspur,2021-2022
Brandon Austin,Tottenham Hotspur,2021-2022
Jamie Bowden,Tottenham Hotspur,2021-2022
Matthew Craig,Tottenham Hotspur,2021-2022
Alfie Devine,Tottenham Hotspur,2021-2022
Pierluigi Gollini,Tottenham Hotspur,2021-2022
Marcel Lavinier,Tottenham Hotspur,2021-2022
Dilan Markanday,Tottenham Hotspur,2021-2022
Tobi Omole,Tottenham Hotspur,2021-2022
Moussa Sissoko,Tottenham Hotspur,2021-2022
Harvey White,Tottenham Hotspur,2021-2022
Moussa Sissoko,Watford,2021-2022
Emmanuel Dennis,Watford,2021-2022
Craig Cathcart,Watford,2021-2022
Joshua King,Watford,2021-2022
Ben Foster,Watford,2021-2022
Kiko Femenía,Watford,2021-2022
Juraj Kucka,Watford,2021-2022
Ismaila Sarr,Watford,2021-2022
Tom Cleverley,Watford,2021-2022
Samir Santos,Watford,2021-2022
Hassane Kamara,Watford,2021-2022
Imran Louza,Watford,2021-2022
João Pedro,Watford,2021-2022
William Troost-Ekong,Watford,2021-2022
Adam Masina,Watford,2021-2022
Christian Kabasele,Watford,2021-2022
Daniel Bachmann,Watford,2021-2022
Cucho,Watford,2021-2022
Jeremy Ngakia,Watford,2021-2022
Edo Kayembe,Watford,2021-2022
Ken Sema,Watford,2021-2022
Danny Rose,Watford,2021-2022
Francisco Sierralta,Watford,2021-2022
Oghenekaro Etebo,Watford,2021-2022
Ozan Tufan,Watford,2021-2022
Samuel Kalu,Watford,2021-2022
Nicolas Nkoulou,Watford,2021-2022
Dan Gosling,Watford,2021-2022
Ashley Fletcher,Watford,2021-2022
Troy Deeney,Watford,2021-2022
Vincent Angelini,Watford,2021-2022
Kwadwo Baah,Watford,2021-2022
Adrian Blake,Watford,2021-2022
Kamil Conteh,Watford,2021-2022
Tiago Çukur,Watford,2021-2022
Rob Elliot,Watford,2021-2022
Shaqai Forde,Watford,2021-2022
Jack Grieves,Watford,2021-2022
James Morris,Watford,2021-2022
?ukasz Fabia?ski,West Ham United,2021-2022
Declan Rice,West Ham United,2021-2022
Tomá Sou?ek,West Ham United,2021-2022
Jarrod Bowen,West Ham United,2021-2022
Michail Antonio,West Ham United,2021-2022
Pablo Fornals,West Ham United,2021-2022
Aaron Cresswell,West Ham United,2021-2022
Craig Dawson,West Ham United,2021-2022
Saïd Benrahma,West Ham United,2021-2022
Vladimír Coufal,West Ham United,2021-2022
Kurt Zouma,West Ham United,2021-2022
Manuel Lanzini,West Ham United,2021-2022
Ben Johnson,West Ham United,2021-2022
Angelo Ogbonna,West Ham United,2021-2022
Issa Diop,West Ham United,2021-2022
Arthur Masuaku,West Ham United,2021-2022
Nikola Vlai?,West Ham United,2021-2022
Mark Noble,West Ham United,2021-2022
Ryan Fredericks,West Ham United,2021-2022
Andriy Yarmolenko,West Ham United,2021-2022
Alphonse Areola,West Ham United,2021-2022
Harrison Ashby,West Ham United,2021-2022
Sonny Perkins,West Ham United,2021-2022
Daniel Chesters,West Ham United,2021-2022
Alex Král,West Ham United,2021-2022
Ajibola Alese,West Ham United,2021-2022
Jamal Baptiste,West Ham United,2021-2022
Conor Coventry,West Ham United,2021-2022
Pierre Ekwah Elimby,West Ham United,2021-2022
Armstrong Okoflex,West Ham United,2021-2022
Darren Randolph,West Ham United,2021-2022
Conor Coady,Wolverhampton Wanderers,2021-2022
José Sá,Wolverhampton Wanderers,2021-2022
João Moutinho,Wolverhampton Wanderers,2021-2022
Romain Saïss,Wolverhampton Wanderers,2021-2022
Rúben Neves,Wolverhampton Wanderers,2021-2022
Max Kilman,Wolverhampton Wanderers,2021-2022
Raúl Jiménez,Wolverhampton Wanderers,2021-2022
Nélson Semedo,Wolverhampton Wanderers,2021-2022
Leander Dendoncker,Wolverhampton Wanderers,2021-2022
Rayan Aït Nouri,Wolverhampton Wanderers,2021-2022
Hwang Hee-chan,Wolverhampton Wanderers,2021-2022
Fernando Marçal,Wolverhampton Wanderers,2021-2022
Francisco Trincão,Wolverhampton Wanderers,2021-2022
Daniel Podence,Wolverhampton Wanderers,2021-2022
Adama Traoré,Wolverhampton Wanderers,2021-2022
Jonny Castro,Wolverhampton Wanderers,2021-2022
Willy Boly,Wolverhampton Wanderers,2021-2022
Fábio Silva,Wolverhampton Wanderers,2021-2022
Pedro Neto,Wolverhampton Wanderers,2021-2022
Toti Gomes,Wolverhampton Wanderers,2021-2022
Ki-Jana Hoever,Wolverhampton Wanderers,2021-2022
Luke Cundle,Wolverhampton Wanderers,2021-2022
Chiquinho,Wolverhampton Wanderers,2021-2022
John Ruddy,Wolverhampton Wanderers,2021-2022
Chem Campbell,Wolverhampton Wanderers,2021-2022
Morgan Gibbs-White,Wolverhampton Wanderers,2021-2022
Hugo Bueno,Wolverhampton Wanderers,2021-2022
Ryan John Giles,Wolverhampton Wanderers,2021-2022
Bruno Jordão,Wolverhampton Wanderers,2021-2022
Christian Marques,Wolverhampton Wanderers,2021-2022
Yerson Mosquera,Wolverhampton Wanderers,2021-2022
Louie Moulden,Wolverhampton Wanderers,2021-2022
Dion Sanderson,Wolverhampton Wanderers,2021-2022
James Storer,Wolverhampton Wanderers,2021-2022
